word,rating
unbelievably,5.0
adorable,5.0
amen,5.0
born,5.0
cocaine,5.0
delectables,5.0
downy,5.0
gras,5.0
havent,5.0
hometown,5.0
magnificent,5.0
milkshake,5.0
nuff,5.0
ofcourse,5.0
papaya,5.0
planned,5.0
survive,5.0
unheard,5.0
af,5.0
amaze,5.0
arizona,5.0
arm,5.0
asset,5.0
baguettes,5.0
ballchicken,5.0
ballsguava,5.0
boston,5.0
breath,5.0
busier,5.0
chocolatey,5.0
cleaner,5.0
concerned,5.0
crossiant,5.0
da,5.0
dates,5.0
defiantly,5.0
delights,5.0
delishious,5.0
dot,5.0
dreaming,5.0
drops,5.0
el,5.0
existed,5.0
faces,5.0
feuille,5.0
filipino,5.0
foodies,5.0
fortunate,5.0
fulfilling,5.0
gorge,5.0
gracious,5.0
hahaha,5.0
heavens,5.0
hotel,5.0
hungover,5.0
immaculate,5.0
impeccable,5.0
irresistible,5.0
king,5.0
landmark,5.0
leeches,5.0
malta,5.0
mardi,5.0
max,5.0
minor,5.0
noodle,5.0
outs,5.0
pics,5.0
pig,5.0
potluck,5.0
rolls2,5.0
rollsguava,5.0
rollspotato,5.0
rookie,5.0
safe,5.0
sammiches,5.0
sells,5.0
servings,5.0
shockingly,5.0
showcase,5.0
soooooooo,5.0
sorts,5.0
sounded,5.0
spotless,5.0
staples,5.0
statement,5.0
strongly,5.0
sushi,5.0
tastebuds,5.0
tastiness,5.0
thee,5.0
tour,5.0
ultimate,5.0
visitors,5.0
yummiest,5.0
yummmy,5.0
500,5.0
ability,5.0
bestest,5.0
cheeseroll,5.0
choc,5.0
cola,5.0
colleagues,5.0
crown,5.0
devine,5.0
downfall,5.0
halloween,5.0
legend,5.0
medianoches,5.0
moon,5.0
orgasmic,5.0
rollscheese,5.0
rumors,5.0
sp,5.0
surrounding,5.0
tangy,5.0
vicinity,5.0
wishing,5.0
wonders,5.0
owe,5.0
dear,4.96752047277
sammie,4.96493255314
definite,4.96223052501
nom,4.95831215006
island,4.95621142663
disappoints,4.95377552482
foodie,4.95255426735
haves,4.95167007776
sellers,4.9490358294
foodgasm,4.94730860971
complimentary,4.94678743428
runs,4.94646022039
waistline,4.94478891325
pounds,4.94431826815
deals,4.94300610072
gain,4.94209463805
ca,4.94182127364
traveling,4.94041797095
happiness,4.94002505767
deliciously,4.93943023836
covina,4.9380477819
rose,4.9379957471
awesomeness,4.93702225073
marriage,4.9365350817
establishments,4.93609301103
popping,4.93401377013
inca,4.93375141841
ends,4.93084291298
cleanliness,4.92861921943
unexpected,4.92800952218
stumbled,4.92762899869
circle,4.92750612325
devil,4.92748323252
meats,4.92534911687
intended,4.92432541593
provide,4.92250182194
rock,4.91928664817
happier,4.91811000185
guave,4.9173931575
stays,4.9171317142
bless,4.91684629747
biz,4.91552317262
ha,4.91428242838
yup,4.91407509336
randomly,4.91351069452
unbeatable,4.91303915684
calorie,4.91151805555
comparable,4.91069313215
delicioso,4.90996966638
gem,4.90913980464
accordingly,4.90823014762
shopping,4.90787570424
flower,4.90758617706
tears,4.90750757916
crying,4.90443230746
earth,4.90443045633
freshness,4.90392661546
homemade,4.90297208511
world,4.90283906489
native,4.90193518747
macaroons,4.90174499801
anybody,4.90156528134
belly,4.90084550034
bravo,4.90070095688
eatery,4.90044329367
2016,4.90030261973
orgasm,4.89987660123
fruity,4.89977841459
tempted,4.8993788384
indulgence,4.89841532754
tropical,4.89745803255
shows,4.89695392371
contrast,4.89661636613
blame,4.89605344584
treasure,4.89587157988
busiest,4.89545996571
mariquitas,4.89513957555
babies,4.89505673969
mazing,4.89472171718
adds,4.89430018763
magical,4.89419237338
admire,4.89325450739
dress,4.8930708268
sisters,4.89276031429
weight,4.89164561673
member,4.89129183701
yummmm,4.89104895292
diabetes,4.89098987339
direct,4.8907065084
notch,4.89031777255
awe,4.89024719633
county,4.88942222376
blow,4.88899208915
beats,4.88783346987
satisfy,4.88740095749
stuffing,4.88673018371
age,4.88524744713
bliss,4.88497086509
closer,4.88460750411
amazes,4.8845002267
socks,4.88426203542
lbs,4.88329791963
finest,4.88309980251
southern,4.8826322013
turns,4.8816354407
petal,4.88150546044
fighting,4.88129585525
oatmeal,4.88129043691
ciabatta,4.88061116058
smiles,4.87976465355
countless,4.87820340622
boys,4.87764751736
fave,4.87761705712
shakes,4.87737957424
discouraged,4.87728024604
relative,4.87657658605
season,4.87578889318
addictive,4.87540916634
rain,4.87535070215
delivers,4.87517671805
sacramento,4.87495798778
yumm,4.87479055863
names,4.87463769899
flew,4.87433855877
unreal,4.87357109713
en,4.87341090375
buds,4.87274931574
crusts,4.87271862558
guayaba,4.87255703289
america,4.87217722493
drop,4.87202570689
memorize,4.87198582166
set,4.87195886042
fruits,4.87189155552
firm,4.87170922922
lent,4.87151429401
drool,4.87116974891
croquets,4.86996954548
locals,4.86947419304
rustic,4.86928852542
intimidated,4.86926994601
accurate,4.86855304322
heavenly,4.8672960423
specially,4.86638447769
designs,4.86635426236
venue,4.86621570346
smoothly,4.86564368347
drawback,4.86366802851
killed,4.86335454473
lemon,4.863047016
temptation,4.8630249747
bday,4.86262427533
introduced,4.8621451843
worthy,4.8620195902
trust,4.86122142253
importantly,4.86092279206
planning,4.86045682818
heaven,4.86041392164
packets,4.86030325412
madness,4.86010178209
california,4.86004055018
8am,4.85967668472
rough,4.85940471077
grateful,4.85665258177
science,4.8564412946
gathering,4.85627394999
overs,4.85620402699
hasn,4.85615299352
raisin,4.85603145367
gooood,4.85510300777
words,4.85451224359
tummy,4.85442377328
computer,4.85432813445
croquetas,4.85354571627
adventurous,4.85331179416
depending,4.85192510087
sooo,4.8515761113
description,4.85099311485
speedy,4.85079942271
clients,4.85024324663
doesnt,4.85019288067
drooling,4.8498989445
angeles,4.84952620421
buns,4.84880337579
flippin,4.84791832871
charm,4.84775318227
pleaser,4.84750161751
passing,4.84692165403
practically,4.84646194606
prime,4.84588538702
gourmet,4.84530487534
er,4.84525433929
raved,4.84520765977
los,4.84503163547
wrap,4.84475398033
anytime,4.84430858323
exaggerating,4.84423732819
town,4.84416432827
cesar,4.84413075132
raised,4.84307921402
northern,4.84280486606
efficiently,4.84271499925
perfection,4.84203691457
decadent,4.84115058565
9am,4.84114023079
milanesa,4.84083129897
vacation,4.84081553826
summer,4.8399389564
southwest,4.83985986845
keeping,4.83976093144
cars,4.83973096703
plethora,4.83962459432
ive,4.83949171533
gained,4.83840569506
bathroom,4.83823913533
feast,4.83815378798
period,4.8381223785
god,4.83800746557
7pm,4.83781223593
pleasure,4.83679670207
desert,4.83667817831
specialties,4.83575509202
omelet,4.83549098375
ta,4.83511305938
burst,4.83475345319
mmmm,4.83468670808
wonka,4.83427378499
gold,4.83390384891
occassion,4.83315295925
chair,4.8320469332
addicted,4.83194308509
maze,4.83174600251
arrives,4.83161191107
angels,4.83158627204
olive,4.83055444579
celebrate,4.83025833987
physically,4.82923097002
cravings,4.8287295511
delight,4.82828095222
pair,4.8279951558
choosing,4.82715334186
speaks,4.82704111793
suckers,4.82677472136
closest,4.82663144418
promise,4.82651539262
types,4.826367857
occasionally,4.82629400208
potatoe,4.82597115349
staffed,4.82567450469
memories,4.82552380295
amazingly,4.82511686577
detour,4.82412095944
lattes,4.82410748503
scrumptious,4.82405985741
poppy,4.82393368662
holy,4.82358236728
delicacies,4.82354292569
choco,4.82333253701
uber,4.82283430426
waist,4.82225748793
appetizer,4.82223671726
magic,4.82219694982
instantly,4.82219265249
best,4.82216049229
reasonably,4.82190791515
streets,4.8219044809
monday,4.82180633455
gifts,4.82128445937
lovers,4.82106378699
arent,4.82102159288
north,4.82070293548
meaty,4.82061077967
swear,4.82043748783
rellenito,4.81913696523
ages,4.81892335266
nicely,4.81800428583
die,4.81754796257
studios,4.81741892436
convenient,4.81681612102
france,4.81652899723
create,4.81648736188
freakin,4.81610141719
hmm,4.81574249469
stayed,4.81504704463
sf,4.81499168751
regret,4.8149500036
combination,4.81382070058
donut,4.81378092319
thousand,4.81220546467
noho,4.81211393851
sinfully,4.81204893995
ups,4.81191075689
adore,4.81183968145
shower,4.81159333393
pastrys,4.81097687334
favorites,4.81076194353
parents,4.81036751513
superb,4.80976369233
shortbread,4.80911067197
determined,4.80910965137
rellenitos,4.80805853431
managed,4.80801462975
warning,4.80734650465
sd,4.80714669493
reminds,4.8066787978
ratio,4.80663369105
saved,4.80649641216
yea,4.80636602953
tired,4.80622563334
plane,4.80531997819
peak,4.80513181273
disappoint,4.80509585908
wasnt,4.80504988678
sugared,4.80499465697
muy,4.80475618032
hubby,4.80444556037
amazing,4.80413915732
socal,4.80407909424
panini,4.80403842888
brien,4.80391811012
butt,4.80383019367
crusty,4.80359020342
mousses,4.80348221479
uses,4.80342124019
rum,4.80334438836
catching,4.80332892786
invention,4.8030395034
watering,4.80291632208
deciding,4.80241986229
driver,4.80225146892
incredible,4.80217925766
club,4.80196436096
florida,4.80193623569
vast,4.8018063956
squeezed,4.80119544036
ex,4.8003108062
parisian,4.80000360925
lord,4.79926405089
greatness,4.79913719227
hills,4.79879401301
reading,4.79856839518
growing,4.79830165393
delish,4.7981901257
gatherings,4.79816561933
remembered,4.79640274335
staple,4.79634758202
jalapeno,4.79600087889
childhood,4.79591959891
props,4.79528915498
reasons,4.79523732312
continues,4.79444409891
circles,4.7943642454
moves,4.79426917389
smell,4.79393720323
supper,4.79382815237
sweetened,4.79371274317
timer,4.79337655097
bits,4.79283205052
attentive,4.79275285513
secret,4.79196222485
appreciated,4.79193940537
fam,4.79094614763
oc,4.79000086036
catered,4.78993414676
plaintain,4.78975759375
pairs,4.78970404839
affordable,4.78942407975
scared,4.78924533094
birthdays,4.78841180797
lived,4.78803282385
cuba,4.78792350713
boyfriend,4.7873421819
hands,4.78718415348
south,4.78702977385
orange,4.78682570835
host,4.78668254343
bacon,4.78615392917
fabulous,4.7860531494
reheat,4.78605206046
melts,4.78554506561
cortadito,4.78500754535
deserts,4.78491446412
mouth,4.78423226569
fit,4.78384691473
wide,4.78380190744
justice,4.78364889098
preparada,4.78363526125
thinly,4.78323337222
beautifully,4.78280509564
greeting,4.7820955369
gosh,4.7818107388
wednesday,4.7818067116
hehe,4.78067773806
midnight,4.77856310178
chris,4.77846820591
fool,4.77810439126
goooood,4.77793806169
joy,4.7778825751
explosion,4.77748089399
mmmmm,4.77694729837
entrees,4.77679633488
beat,4.77620722425
limit,4.77514649987
stocked,4.7747969007
avocado,4.77473941264
croissants,4.77438184259
flan,4.77374633973
travels,4.77373381615
dreams,4.77361429869
tapatio,4.77315545759
recommend,4.77306650068
knowledgeable,4.7726873392
exceeded,4.7726192017
fails,4.77225942593
experiences,4.77186667843
heck,4.77181884097
love,4.77178203184
listed,4.77158162632
tortas,4.77149160865
created,4.77116583904
travel,4.77068089764
remotely,4.77049225906
lucky,4.77000398183
hooked,4.76996979817
subtle,4.76987731175
varieties,4.76949319923
delectable,4.76869366692
exquisite,4.76830623462
cal,4.76756437339
generous,4.76716854815
sourdough,4.767050504
tooth,4.76693666628
highly,4.76688003027
afford,4.76559323139
hella,4.76555140369
dulce,4.76520317709
ride,4.76460344848
cares,4.76452845813
soooo,4.76441269815
surely,4.76438653145
classy,4.7643103657
range,4.76406579587
kicks,4.76384496007
cater,4.76379691609
perfectly,4.76282784537
vibes,4.76272802293
fantastic,4.76256466243
carb,4.76254948795
lover,4.76236608622
includes,4.7623630076
platter,4.76212616586
effective,4.76199638923
quicker,4.76179141611
triple,4.76156315736
gotta,4.76146616157
extensive,4.76140716681
favorite,4.76110140032
stories,4.76075110837
favor,4.76070908417
selections,4.76065106634
suggestions,4.76048314189
delicious,4.7604258669
guac,4.7598667041
sun,4.75986148929
gorgeous,4.75979364726
presented,4.75975680758
row,4.7596511694
single,4.75956788816
chai,4.75924809385
freshly,4.7589870162
ish,4.75823799446
sheer,4.75793589193
mille,4.7578570232
absolutely,4.7577594348
phenomenal,4.75746322366
lives,4.75732489453
rolls,4.75729519603
sized,4.75723019537
social,4.7569778278
tiny,4.75684258409
mmmmmm,4.75586559852
juice,4.75578858321
slight,4.75539365671
inexpensive,4.75466751383
pleasing,4.75459985709
pricing,4.75450900347
savor,4.75437178462
fans,4.75429020235
pleasant,4.75408816691
eaters,4.7540726906
imagine,4.75352627841
combo,4.75341831521
mojo,4.75315483768
hesitate,4.75284975444
pickles,4.75282792764
shocked,4.75281974612
blended,4.75273287125
sake,4.75202923032
prices,4.75197964096
universal,4.75187230963
helpful,4.75170511947
tradition,4.75159466824
valley,4.75149364217
yep,4.75145956254
friendly,4.75112132343
cuisine,4.75057986222
preferably,4.75047271919
epic,4.7504353958
worry,4.75039499794
favs,4.75035862018
comfort,4.75030381004
downtown,4.75012360669
muffin,4.74979012519
torta,4.74976229496
cross,4.74934583107
kiss,4.7492340191
samples,4.74895808274
sip,4.74860808508
fills,4.74860661639
lightly,4.74817506695
frequent,4.74802171033
ice,4.74776850005
cubanos,4.74764407472
excellent,4.74743160401
jealous,4.74697351829
feet,4.74695896142
kisses,4.74683411017
covered,4.74583654822
reasonable,4.74583113485
beautiful,4.74580966409
ending,4.74567874287
everytime,4.74560567523
believer,4.74557598691
term,4.74543531724
velvet,4.74542320137
raise,4.74464832388
shall,4.74436378319
bitch,4.74429755833
atleast,4.74404546137
crack,4.74382457557
treats,4.74357399802
faves,4.7435247749
23,4.74337509234
leche,4.74311408266
diego,4.74288015418
delightful,4.74219961719
sharing,4.74145243255
intimidate,4.74079812898
original,4.74077643025
explains,4.7407726071
visit,4.74076593198
complaining,4.740681022
equally,4.74064951659
shake,4.7404934131
fast,4.74023862161
um,4.74009011485
live,4.73979871427
norcal,4.73953306142
awesome,4.73949683804
cheesecakes,4.7393354556
smiled,4.73911375802
appear,4.73904133605
southwestern,4.7390402704
desire,4.73894037339
spiced,4.73887707477
300,4.73853108713
stop,4.73801086614
paced,4.73788278289
questions,4.73777349056
soo,4.73776480517
bar,4.73767716051
traditional,4.73762191873
espresso,4.73760636728
fear,4.73707380086
spoiled,4.73701482568
spices,4.7370140957
noche,4.73695969732
appetite,4.73635133199
toasted,4.73627884193
streusel,4.73570507301
delicous,4.73564708651
bomb,4.7354286336
oh,4.73541518953
consistent,4.73522248086
exact,4.73504617664
sliced,4.73474628134
mini,4.73471300323
wow,4.7345118635
mission,4.73436864118
cheescake,4.7342714059
toaster,4.73416354735
absolute,4.73403520846
nut,4.7339105945
oven,4.73382109527
smooth,4.73351052357
possibly,4.73297878151
restaurants,4.73290463334
bargain,4.73262089302
uh,4.73254634666
mama,4.73228028316
wonderful,4.73225951005
weather,4.7317488072
savories,4.73122077446
omelette,4.73110400893
seriously,4.73108941782
encounter,4.73086968414
asada,4.73049551456
streudel,4.73045589018
yum,4.73028659542
75,4.7294591594
wont,4.72908458983
fresh,4.72907117581
layout,4.72891002108
reviewed,4.72873964485
country,4.72861362977
smoothie,4.72858069848
highlight,4.72856335013
medianoche,4.7282362599
corn,4.72820298785
deliver,4.72759375301
discovered,4.72736465158
swiss,4.72697105008
stock,4.72683039259
mile,4.72679317475
charging,4.72662589343
posted,4.72656129415
blowing,4.72603361402
ah,4.72595050112
longest,4.72546269222
trips,4.72527344266
scones,4.72525117304
blueberries,4.72518460916
round,4.72498717323
advice,4.72480823647
share,4.72472781637
search,4.72451816195
addicting,4.72451041668
latte,4.72432356035
efficient,4.72430408955
blueberry,4.72423945563
question,4.72410663441
melt,4.72398818871
seasonal,4.72354118616
picnic,4.72336427696
galore,4.72322901965
freshest,4.72315362179
elegant,4.7231453496
budget,4.72295062994
puffs,4.72282592489
deliciousness,4.72263421794
agent,4.72231044395
deter,4.722044064
paired,4.7218919997
goodies,4.72185714464
horchata,4.72183357722
morsels,4.72138580977
omg,4.72133047271
lively,4.72124541357
mother,4.72115792393
reviewers,4.72087399245
boy,4.72067932269
soon,4.72054531797
bran,4.72046433481
downside,4.71958051515
bean,4.71942517233
salted,4.7178332118
70,4.71761251012
semi,4.71729960225
yelper,4.71728378783
dozens,4.71681208601
coated,4.71647972066
grab,4.71626177221
wonderfully,4.71619358453
cheat,4.71600338852
1000,4.7158543429
overnight,4.71509813999
worried,4.71504329473
distance,4.7143266497
danish,4.7143124803
pace,4.71416763549
trip,4.7140613749
thank,4.71404480587
kinds,4.71403422236
intimidating,4.71392245866
german,4.71343285375
kick,4.71337117158
form,4.71330972953
thanksgiving,4.71284111261
holiday,4.71238621392
muffins,4.71218008613
gift,4.71213928516
las,4.71203874631
diet,4.71196840563
duh,4.71172492184
tickets,4.71149915041
timers,4.71116330052
la,4.71100651078
sandwhiches,4.71089383116
sum,4.71060034022
classic,4.71052025861
timely,4.71045429574
wondering,4.71012005586
multiple,4.71004923216
appreciate,4.71004004014
buddy,4.71000364537
soups,4.70980767297
italian,4.70970043791
guava,4.70955935622
parties,4.70919683416
quickly,4.70909596653
melted,4.70904454976
typically,4.70896984204
vegas,4.70863825585
eggs,4.70854138927
considered,4.70797664189
dangerous,4.70774842268
cupcakes,4.70765524424
opposite,4.70756501424
san,4.70742303629
juices,4.70728515113
marinated,4.70728002002
win,4.70717465205
decor,4.70674241715
havana,4.70670577158
dream,4.70641140305
media,4.70635277619
visiting,4.70628839355
choose,4.70610175003
glad,4.70586952087
desserts,4.70578837072
headache,4.70567008485
dipped,4.70547369911
surprise,4.70514218627
plus,4.70490074649
crumbs,4.70471418666
perfect,4.7046757732
narrow,4.70459400316
land,4.70454384434
thinking,4.70444193958
restrooms,4.70423133863
cheese,4.70403744514
mango,4.70354286105
rellenos,4.70291910134
memory,4.70249382535
cheeserolls,4.70213861686
fav,4.7015294067
waters,4.70124355181
warner,4.70109905968
natural,4.70099111797
cali,4.70094257493
walls,4.70058923634
meals,4.70036348387
strudels,4.70035797828
gives,4.69986263012
eateries,4.69977788496
girlfriend,4.69976099815
tender,4.69955051843
winner,4.6992992255
quick,4.69919173408
snack,4.6991530967
breads,4.69896983314
tm,4.69879558133
tends,4.69837079915
pies,4.69748534662
outstanding,4.69730624409
originally,4.69717617139
great,4.69685421187
haven,4.69622316513
eater,4.69601534387
rocks,4.69597095699
accommodating,4.69576037464
finished,4.695075514
occasion,4.69460495755
personal,4.69452767818
list,4.69445045502
chocolate,4.69419210721
head,4.69351157189
super,4.69324104379
goodness,4.69322165419
pear,4.69310208787
simply,4.69301942384
lovely,4.69266458529
destination,4.69260211767
mojito,4.69256533445
west,4.69195385451
remind,4.69184035566
savory,4.69178716655
sucker,4.69155164899
infamous,4.69154506325
daily,4.69131787448
sections,4.69127672386
drive,4.69125142451
signs,4.69122148265
course,4.69099217205
starting,4.69083749294
jelly,4.69078497443
moment,4.69020263222
buttery,4.69004896515
dulche,4.68999052182
baguette,4.68986437655
wished,4.68985351169
hurry,4.68969131043
platters,4.68966276666
meet,4.68932221974
tres,4.68916590997
shortest,4.68889682813
steak,4.68886913675
visits,4.68882324832
pasadena,4.68878810579
mayonnaise,4.68860691972
fyi,4.68848190868
staff,4.68833255495
individual,4.68802372537
mousse,4.68753957604
divine,4.68702241038
formed,4.68698464685
entire,4.68681414155
worth,4.68673124865
constantly,4.68631738563
caprese,4.68620618253
impressive,4.68592526304
potlucks,4.68564603667
green,4.68539738451
opened,4.68500345712
selection,4.68480701811
raspberry,4.68458741952
sally,4.68401550492
patient,4.68358645957
bake,4.68357259917
branch,4.68351405987
clue,4.68343822392
headed,4.68341712467
bet,4.68313464163
sigh,4.68268765281
pro,4.68262750075
sweetness,4.6821026955
ambience,4.68188417968
papa,4.68168105533
paste,4.68141723272
goat,4.68124474223
mashed,4.68074051659
cubano,4.68062352309
events,4.6804129021
fucking,4.68023029851
outdoor,4.68004640472
balls,4.68003316908
haha,4.68002192754
grand,4.67983192793
99,4.67967246791
yellow,4.67953650648
red,4.67949631997
tricky,4.6792278804
friggin,4.67910197563
moving,4.67905627073
expensive,4.67876010001
plan,4.67874788793
cookies,4.67873830618
killer,4.67810114342
continue,4.67770650846
00,4.67736567002
ample,4.6769915575
definitely,4.67645648209
pleasantly,4.67645258074
ideal,4.6760978913
overwhelming,4.67588438928
grow,4.67583146737
hawaii,4.67527284273
airport,4.67498215603
totally,4.6748812402
napoleons,4.67477961881
yay,4.67433537484
grabbed,4.67428801479
dig,4.67419264981
suck,4.67367637963
slower,4.67329500241
parked,4.67315407707
tamales,4.67308634082
pina,4.67306372947
breakfast,4.6729518617
guacamole,4.67284900406
priced,4.6728194867
bob,4.6728189736
lightning,4.67274479284
team,4.67269932595
americanized,4.6724559429
forget,4.6724127583
locations,4.67224929739
gigantic,4.67210262495
guilty,4.67195862445
plenty,4.6716289445
looks,4.67159928381
matter,4.67145903461
croquettes,4.67136887672
polvorones,4.67130407318
blend,4.67123110139
lined,4.67121882061
try,4.67119899714
30am,4.67118091507
sandwhich,4.67085115089
goood,4.67070929302
filled,4.67060648194
regularly,4.67039004631
family,4.67037613669
porto,4.67033997413
organized,4.67003754151
match,4.66986213303
fajita,4.669253325
dozen,4.66902518
snacks,4.66897216567
shared,4.66869266017
bring,4.66867900297
mark,4.66826752531
tuna,4.66822098457
croissant,4.66811325675
satisfied,4.66808701893
recommended,4.66783932878
refreshing,4.66771250372
fries,4.667616653
chorizo,4.66732268821
marnier,4.6672115535
000,4.66709016175
ps,4.66697421958
greet,4.6663807816
overload,4.6663275349
hits,4.66550568658
mmm,4.66517221242
sample,4.66499520887
loaf,4.66496547339
potato,4.66441976986
included,4.6642757903
convinced,4.66422888637
bakery,4.66393620192
christmas,4.66367919148
2000,4.6635078086
points,4.66342846394
ways,4.66303539962
relationship,4.66281505179
gf,4.66276552481
crossaint,4.66259721644
incredibly,4.66196010726
usually,4.6616284448
directly,4.66162056171
smoothies,4.66148327805
phrase,4.66144887272
popped,4.66136671938
potatoes,4.66130599974
redundant,4.66115456695
dz,4.66110608651
new,4.6609960029
brunch,4.66084544799
french,4.66066660859
easily,4.66051731532
goes,4.6603753141
light,4.66028241186
spinach,4.66026116856
moved,4.66002105307
wedding,4.65956060869
oiled,4.65950066316
cow,4.65941638243
knock,4.65934264739
rellena,4.65920778325
puff,4.65872835603
mixture,4.65866843658
coconut,4.65826430923
cappuccino,4.65823761423
variety,4.65796196789
including,4.65790423278
em,4.65711710854
pasteries,4.65701746713
sweeter,4.65691559672
say,4.65686891023
serves,4.65677509135
tart,4.65661805983
empanadas,4.65631361932
berries,4.65614425997
everyday,4.65610687179
kids,4.6560974051
leches,4.65577885033
tea,4.65538757134
soul,4.65511116038
makes,4.65487664754
ton,4.65485446565
eaten,4.65474791753
aka,4.65473463392
brother,4.65396536137
carried,4.65374566344
cute,4.65374190639
contribute,4.65317908902
following,4.6531377869
roughly,4.65214118418
banana,4.65191787794
opera,4.6518473186
clean,4.65032794589
miami,4.65014373858
easy,4.6501282224
bay,4.65011106466
regulars,4.64992676571
flow,4.64964341179
leftovers,4.64938879081
faster,4.64936073347
papas,4.64926933644
shortcake,4.64914584542
favourite,4.64909168083
somebody,4.64902369624
easier,4.64869980621
60,4.64853593792
accommodate,4.64842800311
flour,4.64813651673
sooner,4.64760276005
gym,4.64683940886
yelped,4.64666285528
queue,4.64665587941
news,4.64660338003
monica,4.64611281616
loveeee,4.64605359188
seen,4.64602751054
occasional,4.64594709809
potatos,4.64594568155
legit,4.64563247607
skip,4.64555821882
ftw,4.64536638749
buy,4.64532997173
art,4.6452944497
ridiculously,4.64501874363
clothes,4.6447536123
pastelitos,4.64475122242
agree,4.64456825788
coming,4.64406212381
life,4.64348208089
ground,4.64345842147
obsessed,4.64338456176
empanada,4.64336432615
city,4.64277302935
plantains,4.64271617752
spacious,4.64264006549
express,4.64238939331
blast,4.6420926022
word,4.64196193838
private,4.64183974335
juicy,4.64183863881
area,4.64144948523
cheesecake,4.64100598662
chipotle,4.64067707459
pie,4.6406384949
croquette,4.64058157614
far,4.6402789952
seasoned,4.64010906257
brave,4.63973908381
magnolia,4.63966688192
man,4.6396091146
million,4.63900869147
pocket,4.63889987812
yummm,4.63881222326
mouthwatering,4.63850084614
1st,4.63792870466
yummy,4.63783760738
topped,4.6375838396
counters,4.63738605446
guarantee,4.63731399843
frustrating,4.63728318865
portos,4.63707890758
middle,4.63655924103
literally,4.63649682968
burbank,4.63582863465
flight,4.63553630898
guests,4.63538364462
tho,4.6350385501
theres,4.63483047827
iced,4.63473029209
ohh,4.63445379703
waiter,4.63437935132
pasties,4.63420708376
facebook,4.63419582012
baked,4.63381165002
24,4.63373424208
egg,4.63342034219
wash,4.63292890443
house,4.63177365666
com,4.63158074255
noms,4.63076906255
plain,4.63065395177
mornings,4.63011954126
spectacular,4.62974794225
bakeries,4.62927901221
thumbs,4.62917559659
positive,4.62886622075
helped,4.6287156507
class,4.6284701067
fridays,4.62845106643
pure,4.6281741237
inner,4.62814976194
yo,4.62764600486
ham,4.62748785566
truly,4.62735880384
bundt,4.62732276335
kill,4.6271477977
menus,4.6270491442
medium,4.62703161623
smile,4.62693382224
loved,4.62656349688
sampled,4.62633491052
dog,4.62622152603
low,4.62596858608
marry,4.62596521911
salivating,4.62594468343
early,4.62587060305
noon,4.62564922642
oj,4.6252860099
oreo,4.62512987864
coworkers,4.6244503967
terrific,4.62430881317
spots,4.62409827427
sandwiches,4.62398371677
seats,4.62388364154
crumb,4.62370330298
consistently,4.62346054745
dare,4.62318492859
crisp,4.62313357915
wonder,4.62257829352
week,4.62240604483
newer,4.6223581183
opening,4.62223155965
true,4.6222179882
dropping,4.62221122843
recently,4.62187850895
cooked,4.62184071257
cheap,4.6216622621
pass,4.62075727826
panera,4.62071487874
difficult,4.62062201201
surrounded,4.62040047719
packed,4.62025525864
bistec,4.62017655403
place,4.61986466769
broke,4.61949154933
signature,4.6192287674
array,4.61907418178
minute,4.61903867651
sidewalk,4.61889077691
weekend,4.61862956392
setting,4.61861220039
sand,4.61855116769
mamey,4.61852415948
named,4.61833602078
options,4.61818615541
meal,4.61792771697
tiramisu,4.61782611303
specialty,4.61780352216
chili,4.61761092
dessert,4.61758924136
rich,4.61741910654
apologized,4.6173658022
recommendation,4.61718929402
planet,4.617113157
cuban,4.61705977786
healthier,4.61640042363
steal,4.61629004162
grew,4.61626272827
goods,4.61586329123
kid,4.61561462109
resist,4.61560379093
succulent,4.61546898107
room,4.61536515286
conan,4.61518199617
insanely,4.6151487
currently,4.61479412071
random,4.61475765705
highlights,4.61467581528
dislike,4.61461674948
chairs,4.61446658515
feta,4.61423811281
flaky,4.61413341311
onion,4.61383033121
habit,4.61369164923
knows,4.61356481076
lechon,4.61335445163
vary,4.61330256473
buck,4.61329404586
sweets,4.61302605956
cakes,4.61269569531
complement,4.61257079185
requests,4.61240706496
suggested,4.61239105324
strudel,4.61229375033
pack,4.61227243825
beach,4.61217236963
deserves,4.61214122624
amazeballs,4.61198994421
calm,4.6116228277
breaded,4.61154203852
purchased,4.61009936409
meringue,4.60995041387
fruit,4.60966317934
offer,4.60941155831
chicago,4.60923047576
vinaigrette,4.60920030859
pastries,4.60916056436
negative,4.60915338684
piece,4.60891325988
mocha,4.60873774568
3000,4.60825479919
nicer,4.60802370751
menu,4.60771143738
death,4.60769377108
stops,4.60768040756
let,4.60766210653
rows,4.60761034737
crunchy,4.60744207129
challenge,4.60726507773
living,4.60712201839
eyes,4.60654100905
patience,4.60645716359
indulge,4.60622566889
ate,4.60609458237
prefer,4.60603638663
settled,4.60596278003
roll,4.60587267368
dark,4.60576277426
hungry,4.60573912019
spending,4.6055006776
healthiest,4.60525889686
guys,4.60515484671
freaking,4.60487097159
holidays,4.60446434914
costumer,4.6043290364
starbucks,4.60383196722
flavorful,4.60377941795
add,4.60342270169
trick,4.60337445842
cheaper,4.6025726775
previously,4.60239744027
colada,4.60217065138
brand,4.60172806551
sooooo,4.60164681879
wish,4.60162510229
exceptionally,4.60125645623
spin,4.60115629057
weekends,4.60111467866
brought,4.60104504537
drinks,4.60096495788
pan,4.59996235327
surprisingly,4.59975149524
staying,4.59958616596
near,4.59908270914
dropped,4.5990602369
refugiados,4.59878684712
turkey,4.59877018646
hundreds,4.59866964197
slice,4.59863087343
screw,4.59794615015
girls,4.59763724734
manageable,4.59743334208
sweet,4.59723726542
frequently,4.59689762449
hole,4.59684755237
sugary,4.59652500636
rarely,4.59642734661
happening,4.59573570332
fancy,4.595576424
cherry,4.59544987945
wife,4.59534683879
legendary,4.59531903416
stuffed,4.59493340415
arrive,4.59445447518
flavored,4.59403502233
meat,4.59393294177
chicken,4.59379865166
web,4.59373292385
coffees,4.59364806188
tasty,4.59364785082
date,4.59360862308
airy,4.59328372082
wrong,4.5932127644
greeted,4.59305832894
lol,4.59297274397
close,4.59245279548
lunches,4.5919505697
talks,4.59191299746
5pm,4.59181788514
cheapest,4.59165449189
yelp,4.59157081545
creations,4.59148375255
raul,4.5911211659
consider,4.59104921695
dollars,4.59094853907
nicest,4.59091566214
jump,4.59088814853
berry,4.59087901331
especially,4.59077786282
weigh,4.59073070794
delicate,4.59068926976
milky,4.59004023303
load,4.59000766379
gets,4.58984563995
cream,4.58958268294
father,4.58953896696
tried,4.58953767325
pudding,4.58950827856
snob,4.58942845814
dinner,4.58920574143
lets,4.58914975882
occasions,4.58889869207
gonna,4.58816833069
roasted,4.58804095514
assortment,4.58775963994
exceptional,4.58773120996
newbie,4.58755473158
remember,4.58733728317
lots,4.58724878536
popularity,4.58692467359
open,4.5869069493
despite,4.58595878815
breading,4.58594369447
coffee,4.58573030006
miss,4.58564405517
lines,4.5854763758
cappucino,4.58527015885
beans,4.58480291237
flavors,4.58466714912
amazed,4.58459564617
westside,4.58446215004
suggest,4.58398923586
yes,4.58396762916
pastry,4.58308178158
nearby,4.58291189861
francisco,4.5828497878
carne,4.58284555775
pulled,4.58267055825
spent,4.58250255177
eat,4.58220455045
happy,4.58220073198
rellenas,4.58217319165
long,4.58194161102
clam,4.58141089369
fry,4.58125961887
napoleon,4.58098072979
skeptical,4.58089218365
famous,4.58008750754
apricot,4.57982448604
thats,4.57922063707
test,4.57919585304
spicy,4.57909844687
black,4.57907914047
child,4.57901185414
hungrier,4.57898696409
keeps,4.57805498453
stopped,4.57771902201
gladly,4.57767942976
location,4.57758700815
carry,4.57669062004
familiar,4.57660671628
pickle,4.57653707443
year,4.5765248347
solid,4.57648864618
polite,4.57647590579
eh,4.57640307321
picks,4.57626841616
nice,4.57610674077
dollar,4.57597140699
casual,4.57580563013
luckily,4.57579833723
needless,4.57572092301
basis,4.57564051808
ambiance,4.57453437528
til,4.57433586485
dishes,4.57422373207
cons,4.57395416652
street,4.57388114506
leaving,4.57360432785
ll,4.57342741672
beverage,4.57286624741
cases,4.57283371593
hard,4.57273841702
sammies,4.57273311607
salads,4.57269461826
almond,4.57256675513
lunch,4.5725162749
capers,4.57247169038
chance,4.57244050878
bite,4.5723535756
considering,4.57217216339
shaped,4.57208325144
ago,4.57197592778
tip,4.57175902903
attendants,4.57143432759
size,4.57132096402
calories,4.57018534553
valet,4.56996006037
splurge,4.56995418193
ball,4.56938702886
neighbor,4.56922587482
value,4.56910373593
moist,4.56841808969
carrot,4.56839697554
things,4.56838525731
pastel,4.56836974338
garlic,4.56815726829
shops,4.56770741139
pineapple,4.56754682364
choice,4.56731976728
bit,4.5670860435
strips,4.56688784242
biting,4.56652892428
glendale,4.56643335847
bang,4.56636025918
cafe,4.56595504541
deli,4.56577526358
compared,4.56561459803
tomorrow,4.56537892954
ventura,4.56459262255
scare,4.56457665032
beware,4.56454487356
standard,4.56453787208
real,4.56452319818
milk,4.5640993733
strawberry,4.5633764338
road,4.56315639389
closed,4.56309911375
creme,4.56306217394
taken,4.56292544673
yelping,4.56287781913
flakey,4.56278040878
decorated,4.56249361399
located,4.56212024097
welcome,4.5619667619
peppers,4.56124502466
pork,4.56099879784
level,4.56058319888
expand,4.56039366879
believe,4.56018482208
golden,4.5600146394
cousin,4.55998721094
make,4.559644227
right,4.55964049792
parking,4.55941603432
cubana,4.55930896794
fried,4.55896652225
mouthful,4.55807294071
hit,4.55803957848
huge,4.55797641476
veggie,4.5577992073
rare,4.55757359228
picky,4.55747463978
baby,4.55673928751
home,4.55661546131
butter,4.55656918173
enjoy,4.55643556437
terms,4.5563594389
gooey,4.55621839077
flourless,4.55613237805
eats,4.55611665732
tarts,4.55560750635
seeing,4.55528138212
version,4.55515535275
sooooooo,4.55504581622
include,4.55503732758
mushy,4.55448794943
layers,4.55444028559
price,4.55438362889
years,4.55429799351
amounts,4.55427957706
pit,4.55403822715
devouring,4.55399523062
hesitant,4.55387212998
roast,4.55365371199
jay,4.55362723998
months,4.55316384965
bulk,4.5531114429
dang,4.55301511118
refugiado,4.55293951975
likely,4.55281207479
walking,4.55247445949
dope,4.55209965137
afternoon,4.55188172038
car,4.55115140588
grabbing,4.55096371581
30pm,4.55092564796
pretty,4.55063573964
damn,4.55032297723
sister,4.55026071047
doing,4.55012941236
3pm,4.55001873416
welcoming,4.55001242042
wait,4.54991790118
sure,4.54955021247
jam,4.54897772986
mustard,4.54883411614
mash,4.54881932026
group,4.5486885661
pollo,4.54847860411
evening,4.54792645469
100,4.5477190839
friend,4.54760428688
provided,4.54754182058
90,4.54743417589
thing,4.54742809622
normal,4.54730606533
products,4.54721786898
high,4.54686336558
greatest,4.54683490801
busy,4.54670931777
heart,4.54668033439
breaks,4.54657962661
party,4.54620219052
brings,4.54616789195
vegetables,4.54612290824
caramel,4.54603778627
craziness,4.54571901133
cause,4.54548855102
upside,4.54529875447
basically,4.54430388079
time,4.54329267557
soft,4.54321464725
box,4.54317841497
knew,4.54294397173
display,4.54268628084
voice,4.54264331188
blvd,4.54254016639
begin,4.54201402198
friends,4.54153106285
overwhelmed,4.54086608374
wise,4.54054005625
proper,4.54049005816
tight,4.54043410625
crispy,4.54005705766
hey,4.53965291562
driving,4.53959070009
walk,4.53907114654
yeah,4.53885349955
large,4.53884668838
chip,4.53864559146
taco,4.53849374245
compares,4.53840830474
eclairs,4.53745468923
dish,4.53701703983
tastes,4.53682314066
excuse,4.53681926218
bun,4.53670426269
fell,4.53648674612
means,4.53639812474
loves,4.53615489836
hollywood,4.53608287045
deep,4.5360263139
kept,4.53584291842
grilled,4.5350776825
sandwich,4.53507249422
bread,4.5350249052
till,4.53500861853
wall,4.53392585757
rating,4.53376763106
endless,4.53368775438
wanting,4.53335565608
afraid,4.53308669243
crazy,4.5329447404
plantain,4.53279685283
checkout,4.53279085572
beef,4.53274952719
satisfying,4.53215712163
hint,4.531998975
someday,4.53062496428
weekly,4.53056526443
chips,4.53033615042
burrito,4.5302927652
soy,4.53018391595
run,4.52978522748
baking,4.52972205544
followed,4.52964585339
works,4.52942838527
need,4.52942581599
ready,4.5291958243
inside,4.52894322406
doubt,4.52892036187
little,4.52871659685
displays,4.52861764486
balanced,4.52847226325
78,4.52836826477
potential,4.52823530515
various,4.5282186035
usual,4.52782327176
corner,4.52765047475
throw,4.52764406718
needs,4.52761907574
sprinkle,4.52691040149
snaking,4.52688573419
lie,4.52683542132
unbelievable,4.52668013255
crave,4.52644459216
delivery,4.52562984055
owners,4.52551076598
bright,4.52550767886
work,4.52548073926
line,4.52546098397
law,4.52461421293
moose,4.52455164057
cents,4.52436822298
door,4.52434497207
avoid,4.5242336265
slices,4.52418781138
checked,4.52414202862
outer,4.5240683634
particular,4.52402113155
spread,4.52402078345
fat,4.52325984257
strong,4.52289286656
sight,4.52280056261
stores,4.52267107678
stay,4.52183360703
beauty,4.52161369645
white,4.52160675317
salty,4.52100648315
glance,4.52081941285
35,4.52056921773
view,4.52051443131
buena,4.5203938393
expect,4.52016478569
admit,4.520021309
mind,4.51991899122
leave,4.5195757686
foot,4.51952031301
seating,4.51902371983
reviewing,4.5188351168
improvement,4.5187540435
comparison,4.51829565443
darn,4.51823968966
day,4.51819470781
forgetting,4.51771869365
later,4.5172089782
vegetarian,4.51626367713
craving,4.5159979919
palate,4.51593234624
feel,4.51580749681
creamy,4.51550645418
delivered,4.51518289457
prepared,4.5150967088
disneyland,4.51482088728
tremendous,4.51434163676
bustling,4.51423778927
partial,4.51410820908
downey,4.51403519524
andy,4.51397533065
slightly,4.51376863202
carbs,4.51299102808
caramelized,4.51296754178
does,4.5125758183
authentic,4.51242235302
older,4.51238017274
tastiest,4.51217517906
fooled,4.51211754696
substantial,4.51196637329
custard,4.51124951966
places,4.51113116218
quesadilla,4.51081836543
fan,4.51025566163
caught,4.51004727279
good,4.50963244187
state,4.50959781878
wet,4.50933622669
stopping,4.50919320083
choices,4.50882327606
answered,4.50846692439
opted,4.50834143192
candy,4.50826542137
eating,4.50819302068
dine,4.50797353871
luv,4.50790943393
restaurant,4.5078658587
temp,4.50732735326
gripe,4.50672507509
finger,4.50668198396
sing,4.50667545543
guaranteed,4.50666527014
spell,4.50665114242
freeze,4.5064040203
reviews,4.50606320364
visited,4.50572953325
shorter,4.5044514755
ahead,4.50434663024
start,4.50424795357
face,4.50411044594
tons,4.50406326761
weekdays,4.50404757221
quite,4.5039507752
stingy,4.50376239852
ve,4.50375912757
feed,4.50347420486
neighborhood,4.50339293338
come,4.50314461877
anniversary,4.50288219459
napolean,4.50279457766
sprinkles,4.50273453158
turnover,4.50226957469
entrance,4.50219946482
returning,4.50206934741
tough,4.50176249101
obsession,4.50149810358
bound,4.50145063013
empenadas,4.50121931094
save,4.50083577802
ropa,4.49977037184
jose,4.4988731029
mayo,4.49842009939
block,4.49761929964
beverages,4.49742573674
request,4.49739795724
deceiving,4.49713121317
movie,4.49697429682
deserved,4.49692909762
send,4.49692411823
bud,4.49688524901
story,4.4966365585
yelpers,4.49662047316
manage,4.49628967042
item,4.49584064248
quality,4.49572520806
assorted,4.49571945441
require,4.4956110367
stressful,4.4955926909
loving,4.49533700817
10,4.49495025508
thanks,4.49482121319
pastrami,4.4946109628
rolled,4.49450144824
seconds,4.49375318895
buttered,4.4935932255
park,4.49334455857
aside,4.49304074111
window,4.49267495036
mins,4.49265663771
recipes,4.49235697529
looking,4.49226834576
apple,4.49225850491
actually,4.49124606697
vieja,4.49112006399
cupcake,4.49093925042
santa,4.49015051711
end,4.48964024268
example,4.48952823359
larger,4.48926659854
pricey,4.48897342456
loooooong,4.48844119163
factory,4.48819648747
gotten,4.48800464961
silly,4.48799235732
catering,4.48786618862
sprinkled,4.4876977903
relleno,4.48723819654
total,4.48694681051
whipped,4.48657788554
shout,4.48647939528
possible,4.48640005801
pros,4.48579074235
unlike,4.48576657423
drink,4.4854256169
intense,4.48521457431
establishment,4.48454906258
fair,4.48414068611
daunting,4.48374556485
point,4.48371888325
macaron,4.48354722064
enjoying,4.48345239775
picking,4.48313990497
sense,4.48264218975
fyrn,4.4820220362
post,4.48185896252
structure,4.48171334159
just,4.481472965
chose,4.48112585906
balance,4.48111402076
opportunity,4.48106218873
decide,4.48087909043
def,4.48051504142
particularly,4.47989906982
blown,4.47921702977
15min,4.47902817686
demand,4.47886223065
fully,4.47863087282
portland,4.47855019292
exterior,4.47837709804
fairly,4.47824913092
count,4.47776113859
25,4.47768572222
helping,4.47756525701
reason,4.4774967722
lil,4.47739401354
forward,4.47663085798
loaves,4.47611286157
route,4.47599546853
danishes,4.47562288838
starving,4.47545382714
gravy,4.47511259475
apples,4.47462863203
95,4.47442194316
bucks,4.4741041391
bell,4.47377490599
really,4.47361759879
jesus,4.47293038951
areas,4.47281460138
heat,4.47280459924
hate,4.47260778326
going,4.47255144739
non,4.47253287249
dad,4.47238514007
small,4.47229226743
ugh,4.47195041557
compare,4.47189952803
advertised,4.47174730232
floor,4.47115165444
environment,4.47071374205
couple,4.4705600126
trying,4.47023507095
hours,4.4702244323
sin,4.46894377315
topping,4.4688705798
cost,4.46847170921
note,4.4684580832
daughter,4.46835432545
adventure,4.46829379654
flakiness,4.46814940395
touch,4.46784422017
interior,4.46776808975
help,4.46756899326
relatively,4.46740528751
bought,4.46731143447
sounds,4.46699347528
sell,4.4667006004
away,4.46638555569
cheeses,4.46635369486
giant,4.46620101136
aid,4.46597265204
rite,4.46597265204
similar,4.46594525069
popular,4.46583071168
frosting,4.46553655072
card,4.46547933853
initially,4.46545349359
50,4.46536445684
taste,4.46535618177
hectic,4.46431917892
process,4.46369528506
vibe,4.46358548645
excuses,4.46297099857
heading,4.46279308033
service,4.46277123036
know,4.46162357644
passed,4.46016223756
definition,4.46005144789
btw,4.45947273702
boxes,4.45939636589
unique,4.45934846527
food,4.45919093125
unsure,4.45886604443
lot,4.45857430474
whats,4.45750886743
york,4.45720001657
serve,4.45710788193
lastly,4.45706043161
missed,4.45705165382
surprised,4.45678834551
ing,4.4567695475
friday,4.45637135885
cookie,4.45629471498
crowd,4.45594393735
getting,4.45582865648
items,4.45511767607
came,4.45439049806
want,4.45391555056
working,4.45363218693
fluffy,4.45332630747
ingredients,4.45311832699
mixed,4.45304976749
sticks,4.45280950443
bigger,4.45258784166
meeting,4.45191603539
addition,4.45169427554
dolce,4.45078646626
cake,4.45049359645
stepped,4.45048085002
leads,4.45015120383
extra,4.45008256182
customized,4.44988572398
disappointed,4.44963597685
workers,4.44912951441
canned,4.44900440644
pasty,4.44819019231
probably,4.44793715963
package,4.44792657482
consume,4.44791018228
everybody,4.44787652106
month,4.44772658631
basil,4.44752121505
overall,4.44739659466
opt,4.44734338623
birthday,4.44731419705
veggies,4.44730961756
wanna,4.44705538435
agreed,4.44695432182
celebration,4.44686576352
doughy,4.44668722139
21,4.44562410922
thingy,4.44558043034
won,4.44490031336
fare,4.44445472148
dense,4.4438731696
presentation,4.44382649806
guide,4.44302432139
pop,4.44294242359
fly,4.44265028611
puts,4.44247010583
tomato,4.44243077811
honest,4.4408126856
85,4.44049506412
bags,4.44041883937
plate,4.44038217427
assist,4.44031474133
salad,4.4401872862
warm,4.44017725098
youre,4.44012032838
costs,4.43984916414
bonus,4.4395951827
spot,4.43957216759
honestly,4.43954077604
texture,4.43911772876
handful,4.43908705027
mix,4.43892380417
sunday,4.43875082528
biggest,4.43854573666
happily,4.43846289355
personally,4.43711072792
beloved,4.43696142395
alot,4.4363775592
falling,4.43635554653
businesses,4.43613434956
mentioned,4.43597755662
fed,4.4358788754
doesn,4.435691666
fun,4.43561814528
hearty,4.43553458098
pumpkin,4.43531919559
sauce,4.43493553773
free,4.43481234703
rice,4.43474718345
watch,4.43362238501
buying,4.43358272986
space,4.43348929475
torte,4.43321642802
pot,4.43319126124
devoured,4.43313948749
impressed,4.43287662503
sitting,4.43286880471
joint,4.43270531834
started,4.43266926812
catch,4.43244277383
doors,4.43213779501
pleased,4.43159514305
night,4.43111631125
entered,4.43046959207
slow,4.43034599431
cinnamon,4.43005997133
brulee,4.42934927988
like,4.42898967571
starchy,4.42882078041
ones,4.42873638861
don,4.4287074881
billion,4.42852981075
searching,4.42830174056
rush,4.42820796792
regardless,4.42797680828
experienced,4.42784689642
indoor,4.42763277797
pressed,4.42753350014
idea,4.42752501862
tasting,4.42685415102
grandma,4.42679502561
offerings,4.42661983528
shop,4.42658936328
impossible,4.4265650885
sucks,4.42642489092
spend,4.42596939812
mouse,4.42595574303
chowder,4.42574152427
building,4.42480415134
eggplant,4.42454335032
deserve,4.42442023434
massive,4.42362084441
extraordinary,4.42352005894
offers,4.42333232709
feeling,4.42295727551
typical,4.42273622324
insane,4.42269198933
event,4.42262484391
central,4.42256550303
mexican,4.42146749092
ill,4.42138364322
outside,4.4213130002
layered,4.42112898542
foods,4.42078380795
cup,4.42014761821
mozzarella,4.4199957151
expected,4.41960892984
talking,4.41943238119
fall,4.41888997215
toast,4.4186477518
closes,4.41789902845
mood,4.41782429519
proof,4.41767287638
split,4.4172211026
tend,4.41705773837
kind,4.41621619428
sundays,4.41607327009
glaze,4.41572268506
hot,4.41548925308
comes,4.41547493054
finish,4.41487002125
bathrooms,4.413588818
says,4.41344063962
big,4.41314258164
case,4.41267973438
flavor,4.41238885861
wake,4.41233418046
situation,4.41221123253
use,4.41192676549
expanded,4.41189792912
prompt,4.41141487637
worthwhile,4.4112552251
consistency,4.41091959556
biz_photos,4.41085944415
mad,4.41066302016
able,4.4104729231
stomach,4.40987259799
chewy,4.4095822313
bad,4.40915601076
hope,4.40901861568
crunch,4.4085814542
closing,4.40827304105
turnovers,4.40787650066
bananas,4.40780540164
hidden,4.40771621791
bank,4.40764190279
easiest,4.40761667203
waits,4.40757361944
struggle,4.40749909424
general,4.40704716443
remarkable,4.40665837839
disaster,4.40656286999
successful,4.40655887358
awhile,4.40572713338
20,4.40572233171
person,4.40551481304
special,4.40531620788
snag,4.40528586095
worker,4.40471599652
genius,4.40432004174
layer,4.40430462629
filling,4.40416807125
atmosphere,4.40381900138
folks,4.40379833813
goal,4.40369901861
energy,4.40357724605
willing,4.40321658586
village,4.40305653841
table,4.4028316813
prepare,4.40277955364
enjoyable,4.40267555874
different,4.40249973353
walked,4.40235959633
morning,4.40211701167
eclair,4.40207046048
dipping,4.40166308803
said,4.40166133691
hunt,4.40163723979
couldn,4.40119743841
plates,4.40076527236
soooooo,4.3993540544
straight,4.3982437715
tasted,4.39823037483
review,4.39819912279
seat,4.39813755067
japanese,4.39806418537
actual,4.39734357866
thankfully,4.39731070658
cheesy,4.39703722388
weekday,4.39651301736
meetings,4.39633770244
strange,4.39612819767
advance,4.39587964984
tomatoes,4.395822704
stuff,4.39543781905
rushing,4.3953734172
saw,4.39525537786
ya,4.39522358914
meant,4.39520080929
melting,4.39428470002
excited,4.39417870639
known,4.39404049747
bunch,4.39396198135
98,4.39331386717
sugar,4.39321757146
liking,4.39303214983
heavy,4.3928118376
brownie,4.39276723127
turn,4.39194714241
tuesday,4.39149237613
way,4.39098332695
tell,4.3908782991
desk,4.39066401081
days,4.39036663902
got,4.38962323096
look,4.3888827711
soup,4.38855615021
tempting,4.38765012218
cuz,4.38735000833
careful,4.38710696779
ended,4.3867992369
music,4.38671525135
crowded,4.38632449595
pizza,4.38611087748
armenian,4.38541583097
quantities,4.38486777879
check,4.38480121105
volume,4.38442818887
26,4.38406464949
bringing,4.38369114024
fellow,4.38331668016
obvious,4.3827233724
left,4.38266922589
thousands,4.38265916549
specials,4.38249510661
water,4.38233183184
enjoyed,4.38210419185
research,4.38196491443
instant,4.38172139123
entering,4.3812129598
times,4.38090210169
difference,4.3808454787
holds,4.38036826973
efficiency,4.38005319809
finding,4.37942755217
3rd,4.37922536429
write,4.37918693639
services,4.37903035478
seafood,4.37840966855
ordering,4.37809971675
400,4.37741854447
stands,4.37736812317
coma,4.37720277947
im,4.37647472698
number,4.37633344852
wallet,4.37625946103
think,4.37543135643
55,4.37522829622
preorder,4.37485599489
chaotic,4.37343131621
imo,4.37296879341
routine,4.3722549721
reached,4.37194716637
direction,4.3715627858
guest,4.37153206636
dough,4.37136398707
compliments,4.37115539607
learned,4.37035943353
guess,4.36972090214
ran,4.36914235124
journey,4.36796313026
institution,4.36771096721
apart,4.36741404343
theirs,4.36686633942
extremely,4.36681440666
hook,4.36672508945
hearing,4.36541448156
65,4.36538384914
break,4.36537373122
combined,4.36526671302
residential,4.36515493471
went,4.36460029336
eventually,4.36437893297
lax,4.36433944999
constant,4.36424253352
dumplings,4.36421824745
asap,4.3641075927
soda,4.36349603416
skills,4.3612563038
short,4.3599485399
sat,4.3598913399
fountain,4.35942895479
opinion,4.35936202559
smoothy,4.3592921928
earlier,4.35871091208
waiting,4.35832815762
saturday,4.35818163417
people,4.35676012378
pronto,4.35588185568
happens,4.35588148955
finally,4.35568803852
dip,4.35566056153
hand,4.35565897827
weeks,4.35493838028
smiling,4.35429769804
mistake,4.35428409503
passion,4.35357992792
separate,4.35348691694
dressing,4.35343206349
recommendations,4.35264052802
store,4.35165502612
pain,4.35070634445
aunt,4.35067103387
thursday,4.35064205461
limited,4.34965996446
hear,4.34955023453
pick,4.34941768275
generally,4.34934576595
trouble,4.34837326986
power,4.3480621863
raving,4.34790452797
mean,4.34619248697
sign,4.34618783019
lunchtime,4.34605334259
peanut,4.34522810927
dining,4.34494553621
coast,4.34488355413
drove,4.3447862242
compliment,4.34471080083
future,4.34448902534
stellar,4.34447022738
experience,4.34247472704
son,4.34242203607
knowing,4.34114116384
jammed,4.34067399316
star,4.34060479495
enter,4.34057967365
obviously,4.34054600948
minced,4.34000308302
latin,4.33973102781
met,4.33942364062
reminded,4.33913478258
double,4.3383548668
liked,4.33743790423
women,4.33731818765
described,4.33662727513
enormous,4.33646157609
swing,4.33623831455
oil,4.335602421
interesting,4.33549317913
having,4.33494457337
specifically,4.33445933564
office,4.33427384541
entirely,4.33399549634
mass,4.33390576387
hater,4.33325662778
14,4.3321266052
forgot,4.330831966
browse,4.33065095524
deal,4.33047325492
portion,4.32950299104
glass,4.32935140933
allow,4.32889828397
glazed,4.32787559764
chain,4.32691535479
rave,4.32683789128
self,4.3268271857
broken,4.32617608048
running,4.32419848807
ordered,4.32321100827
salivate,4.3230356655
18,4.32253069766
dirt,4.32248088039
served,4.32243940485
garden,4.32049968481
effort,4.31939940856
better,4.31922217936
driven,4.31817036813
miles,4.31710324885
rasberry,4.31697881853
dominican,4.31629345035
offered,4.31548636897
members,4.31407938184
mention,4.31387541407
crowds,4.31357082697
necessary,4.31247922497
speed,4.31244920357
empenada,4.31206618746
completely,4.31204577763
courteous,4.309981722
local,4.30968219273
decided,4.30967433397
treat,4.30951307746
main,4.30850679392
fingers,4.30825780376
fernando,4.30807325475
machine,4.30803728943
mid,4.30790464502
ahhh,4.30786403675
crystals,4.3077979802
suggestion,4.3072010199
fond,4.30679921998
pink,4.30636684156
sponge,4.30268603051
mom,4.30117472568
offering,4.30088697811
late,4.30071275637
ppl,4.29958289765
took,4.29944260676
wrapped,4.29861047414
flat,4.29810133732
fact,4.29687109351
organize,4.29611640666
cool,4.29584133328
talk,4.29582534189
heard,4.29580243704
recent,4.29569568418
ralph,4.29555018045
definately,4.29541912641
confused,4.29512071838
sides,4.29498889119
section,4.29494068177
brown,4.29469792523
checkers,4.29446972087
id,4.29355214435
drag,4.29308345254
mecca,4.29248181798
receiving,4.29239702061
mountain,4.2919721767
thought,4.29171623943
business,4.29066377578
bf,4.29053082276
excitement,4.29048428259
bucket,4.28973809075
today,4.28954641093
appetizers,4.28941562052
did,4.28915245251
problem,4.28912463102
boring,4.28894807908
maduros,4.28825671837
2pm,4.28816919462
2nd,4.28745925572
exactly,4.2861280111
brule,4.28604756081
consumed,4.28516898962
croquettas,4.2848022665
sooooooooo,4.28418890788
brownies,4.28408661803
comfortable,4.28400479574
available,4.2835467173
tourist,4.28317660947
squeeze,4.2831580304
temperature,4.28303975036
ask,4.28258575772
hello,4.28235849103
doz,4.2810827222
professional,4.2808894513
trained,4.28077868816
change,4.28042578352
second,4.27991386775
husband,4.27964320764
content,4.27893591025
16,4.27825066943
tops,4.27792405957
virtually,4.27784798277
writing,4.27742994379
aren,4.27700909675
happen,4.27568185638
hang,4.27533802646
tamale,4.27452528345
40,4.27385629214
bc,4.27330201966
school,4.27291153261
cubans,4.27244205804
patrons,4.27237944814
certain,4.27232503434
7am,4.27145035899
oily,4.27093068587
simple,4.27057623182
stars,4.27020940571
prior,4.27001304262
saying,4.26973485618
attendant,4.26972944336
twice,4.26966906834
assured,4.26913353172
wanted,4.268743843
job,4.26870851516
higher,4.26664961136
nuts,4.2662882863
counter,4.26615270094
game,4.26579271322
slowly,4.26576346632
train,4.26559742482
lost,4.26558458489
ladies,4.26527134906
granted,4.26521440437
overly,4.26507218714
loaded,4.26505280958
complain,4.26449752227
fillings,4.2641172032
alternative,4.26387447116
addiction,4.26317698946
regular,4.26244503274
read,4.26235460296
server,4.2622323409
complaints,4.26220660898
hustle,4.26212298489
helps,4.26169299555
photos,4.26163292572
return,4.26131300521
ease,4.26050229123
fault,4.2600204162
kinda,4.25977067784
forever,4.25965127499
step,4.25953252871
confusing,4.25896060514
written,4.25695942013
salt,4.25671631312
order,4.25665612094
understood,4.25561898926
advise,4.25542961377
didn,4.25522265254
update,4.25503397134
repeat,4.25500137497
watching,4.25464990729
gone,4.25438618426
macaroon,4.25407332762
preference,4.2536018399
worked,4.25321186297
added,4.25301652535
altogether,4.25272723504
community,4.25259673379
half,4.2525343981
showing,4.25241511396
annoying,4.25106305561
arrived,4.25062523102
soaked,4.24807566643
breast,4.24805768697
children,4.24783666689
studio,4.24767612698
portions,4.24760604213
longer,4.24713821218
sub,4.24658872964
appealing,4.24621303312
assume,4.24611585178
sizes,4.24484068458
wah,4.24414497873
wasn,4.24383802841
decision,4.2430284523
buttercream,4.24145076737
asian,4.24093050156
strawberries,4.24072774026
spice,4.23991664409
kitchen,4.23852539147
30,4.23741568301
fix,4.23706001579
sweat,4.23682683514
quiet,4.23652858992
isn,4.23533022965
shape,4.23523789525
11,4.2351163742
stand,4.23450033753
shortly,4.23422832804
challenging,4.23367442687
inches,4.23361939209
piled,4.23345316283
sit,4.23282707589
looked,4.232003969
noisy,4.23078613928
twist,4.22797771109
wants,4.227070247
dont,4.22652612744
masses,4.2254462763
eye,4.22522036201
roof,4.22490095145
play,4.22460458438
impatient,4.22368327014
nearly,4.22336321116
pickup,4.22330834375
unless,4.22214416973
center,4.22210439157
dude,4.22131493733
takeout,4.2206725861
tips,4.220561481
lettuce,4.22018844277
rest,4.21950820736
pepper,4.21874825428
bold,4.21802464412
died,4.21741671578
allowed,4.2168232132
noticed,4.21648784718
specific,4.21578599807
croquet,4.21557861882
ass,4.21535307766
truth,4.21466064561
somewhat,4.2146429597
normally,4.21413704567
branches,4.21386215109
anyways,4.21272499927
grocery,4.21248609035
speak,4.21120446838
decent,4.21114612319
loooooooove,4.21035356963
major,4.20995847318
tables,4.20949523286
12,4.20945953486
penny,4.20896597626
tortilla,4.20847466429
likes,4.2071676267
maybe,4.20692744771
icing,4.20656694675
factor,4.20633410597
picture,4.20591573359
english,4.20506287775
customer,4.20472858729
15,4.20405004412
complete,4.20347323879
handing,4.20322352746
picked,4.20244386285
iconic,4.20089955938
properly,4.20075214869
outrageous,4.19766976863
frozen,4.19756039304
registers,4.19724615853
leftover,4.19719201386
basic,4.19682782854
putting,4.19659784613
servers,4.19620397847
complaint,4.19615996964
wifi,4.19566561014
type,4.19449867993
facility,4.19404327114
yesterday,4.19386580184
fight,4.19340680955
hill,4.19238650753
donuts,4.19230757299
site,4.19229082883
atrocious,4.19102736227
station,4.18893262411
parts,4.18887837428
eve,4.18759267438
hell,4.1869049247
showed,4.18605598273
security,4.18556934062
hour,4.18526272052
stick,4.18479071711
surprising,4.18434289175
sad,4.1830816823
expectations,4.18122921091
traffic,4.17849523354
grub,4.17828002431
ur,4.17789520059
ceilings,4.17771205984
needed,4.17758318574
weren,4.17738802034
exception,4.17641081585
handle,4.17623842549
used,4.17612858645
average,4.17612392984
minutes,4.17500099147
telling,4.17477201943
past,4.17358313879
air,4.1734778212
gee,4.17274157285
vanilla,4.17267551954
asks,4.17255835289
missing,4.17249180969
grown,4.17166226669
consists,4.17143551233
immediately,4.16968724228
checking,4.16723263135
photo,4.16702443365
hassle,4.16674560808
making,4.16540523131
warned,4.16505183511
tasteful,4.16438933619
sound,4.16146198048
figured,4.16130847719
expecting,4.16074903133
ringing,4.1605040015
5th,4.16042165692
bus,4.15939794349
bowl,4.15838229801
fine,4.1582568267
east,4.15815416949
american,4.15786308868
numerous,4.15487478606
toasty,4.15449227583
designed,4.15444414625
vegan,4.15410912915
sort,4.15397589793
taking,4.15244459151
matters,4.15242809453
manner,4.15169995387
battle,4.15144118696
wheat,4.15140933075
chaos,4.15139901677
important,4.14977139537
fortunately,4.14917521028
setup,4.14845569616
result,4.148086991
pay,4.1478720374
microwave,4.1473698279
fulfill,4.14625759849
impression,4.14566356821
shot,4.14533489228
bites,4.14527578523
held,4.14428751371
ticket,4.14401759083
apparently,4.14277335176
pictures,4.14238368326
shell,4.14121979979
website,4.14034601901
hurt,4.13997253324
min,4.139322295
weird,4.13918441415
numbers,4.13713729695
crap,4.13559986996
walnut,4.13468764764
directing,4.13194859771
okay,4.13181025006
hardly,4.13147127401
chunks,4.13133180326
overpriced,4.13113957108
old,4.13110024437
forced,4.13015597716
vs,4.12698687628
pieces,4.12604747339
attack,4.12592782155
contains,4.12546166455
orders,4.12477283466
pinch,4.12460221143
11am,4.12328696252
nonetheless,4.12312045034
health,4.12098006039
sh,4.12050182074
fridge,4.11977999485
girl,4.11770864223
shredded,4.11665234001
platanos,4.11472590302
seasoning,4.11273057536
didnt,4.1126562771
esp,4.1107939337
final,4.11079110871
serving,4.11075569998
reach,4.11062722615
care,4.11045719824
madhouse,4.1101593354
draw,4.10980685591
standards,4.10978475688
freezer,4.10971380448
minus,4.10824428766
blood,4.10767267842
80,4.10574107152
crust,4.1055230226
queso,4.10468636601
betty,4.10421358417
style,4.10219011597
conveniently,4.10168976104
anxiety,4.10056161402
book,4.09947088661
shepard,4.09599191424
using,4.09477096108
cleaned,4.09071538652
theyre,4.09069707233
option,4.08969856917
improved,4.08918885056
heated,4.08649812608
4th,4.08638524045
ny,4.08627666678
hadn,4.08577653549
exciting,4.08244951686
cashiers,4.0821317222
nope,4.08038545636
families,4.08022543169
guessing,4.07981607873
asking,4.07736589588
brief,4.07654885717
shit,4.07450371569
stupid,4.07413539346
fatty,4.07365251051
appetizing,4.07351740697
ordinary,4.07224521478
purchase,4.07050538463
rushed,4.0703355925
spelling,4.06925142143
prosciutto,4.06562227985
changed,4.06561811824
employees,4.06541517635
bummed,4.0648741972
previous,4.06209510375
realized,4.06079407837
supposed,4.06065510348
patisserie,4.06048957554
goodie,4.06042865577
receive,4.05918275448
reality,4.0588050298
45,4.05831502792
awkward,4.05798565664
wouldn,4.05690609585
cash,4.05504866615
losing,4.05468664809
ok,4.05240601869
fail,4.05067972851
honey,4.05029564624
seated,4.04966833004
ain,4.04945458257
cut,4.04920732741
company,4.04866751167
luck,4.04678168974
10am,4.045910908
issues,4.04547115764
brewed,4.04544366652
boxed,4.04493643275
sadly,4.04328577101
hype,4.04226351334
europe,4.03824961268
gluten,4.03782175047
blew,4.03428255017
pre,4.03017138915
encountered,4.02766184667
circling,4.02742536073
paper,4.02619728134
blocks,4.02540596583
produce,4.02439523527
instead,4.0211971034
teas,4.01740184923
issue,4.01667981929
figure,4.01531578989
flowers,4.01480411074
ridiculous,4.01464423749
thier,4.01458268131
unfortunately,4.0112034654
proceeded,4.00949912897
follow,4.00688098656
adult,4.00564754947
saving,4.00531237756
notice,4.00493506412
turned,4.00396842682
earned,4.00389536847
patties,4.00257282871
onions,4.00237920173
easter,4.00176964937
money,3.99918603718
lead,3.99816699217
hoping,3.99708465705
loud,3.99704723666
endure,3.99549832205
select,3.99528870273
soggy,3.99270640023
trays,3.99125436046
spaces,3.98965369097
sold,3.98839702517
quantity,3.98802739425
adding,3.98683887901
mess,3.9858114106
raisins,3.98526751554
handed,3.98415573327
memorable,3.98390381383
holding,3.98221025278
irritating,3.98175320328
17,3.98086669173
gave,3.98052193902
build,3.9804857022
certainly,3.97865249152
1pm,3.97764244962
22,3.97296043378
barely,3.9707730331
control,3.96734726351
thrilled,3.96588403821
waited,3.96583482998
bitter,3.96120588056
cook,3.9599168303
felt,3.95760519419
standing,3.95753571264
recommending,3.95750007663
hero,3.95668245091
comment,3.9564737581
support,3.95467046836
elephant,3.9538955168
raves,3.95203843008
leaves,3.9504206036
guy,3.94751212953
boss,3.94648056396
caesar,3.94606737744
product,3.94402459864
training,3.94370640357
chat,3.94316921188
reviewer,3.93905146663
theme,3.93817334065
insisted,3.93813403644
treated,3.93732575343
involved,3.93696980696
bag,3.93673758827
flakes,3.93421528824
giving,3.93254216755
accept,3.93247212171
noise,3.93116192987
lower,3.92612121059
smaller,3.92440661829
tad,3.92338365624
cattle,3.92182567907
tries,3.92106335138
throwing,3.92040583509
placed,3.91708400801
excessive,3.91387203403
greasy,3.91223041869
minimal,3.90995421529
rainbow,3.90680169011
preferred,3.90590832002
key,3.90586287058
operation,3.9055998295
lacking,3.90305374045
starts,3.90174237765
mentally,3.89934387742
sales,3.8948294335
learn,3.89405571503
takes,3.89092033122
pm,3.89075655764
lose,3.88854452251
calling,3.88720703433
dried,3.88715909155
stuck,3.88700976071
sammy,3.8859366627
extraordinarily,3.88534912802
smelled,3.88480958962
customers,3.88008239617
charge,3.87750369879
syrup,3.87557845095
custom,3.87272005839
gaga,3.87250546614
explained,3.87015567783
anymore,3.86771452318
hopefully,3.8669452082
30mins,3.86661768811
tonight,3.86308763743
cold,3.86292574715
complicated,3.86109964446
aware,3.86047978612
explain,3.8582435898
designated,3.85717908002
chef,3.85367533636
shame,3.85150350175
threw,3.85110338489
idk,3.84402672284
given,3.84330512953
races,3.83923225353
called,3.83689257038
minds,3.83559707728
based,3.83509223066
joke,3.83486189029
according,3.82778992066
lately,3.82601180439
bummer,3.82545333388
stress,3.82496063638
register,3.817223797
cups,3.81601265076
fattening,3.8102790418
dissapointed,3.80877965456
smells,3.80278215237
spanish,3.80133412091
happened,3.79721126099
shouldn,3.7938224116
funny,3.79136435602
sent,3.78885195383
honor,3.78650592507
lady,3.78387123034
rate,3.78359362191
rope,3.78345593206
dry,3.78232891914
told,3.78005680947
joe,3.77988541749
loyal,3.77939585311
stated,3.77933324039
sheet,3.77929096109
listening,3.77906519907
heads,3.7763162355
base,3.77224644802
stale,3.77021873484
feels,3.77008443642
minimum,3.77004962507
selling,3.76928270022
credit,3.76196610076
rang,3.76147732657
zoo,3.75990872604
batch,3.7595269932
seek,3.75451769577
coworker,3.75123034273
kidding,3.75038442661
hyped,3.74872650672
informed,3.74860895298
pound,3.74632265126
changes,3.74355835792
tray,3.7409080165
success,3.74087718183
mainly,3.73271303259
increase,3.73219446767
cafeteria,3.7283097274
necessarily,3.72694805053
talked,3.71983550885
correct,3.71929691966
hold,3.71813287986
understand,3.71775084142
tells,3.71447362482
regarding,3.71288956824
harder,3.71251177449
realize,3.70884596473
cashier,3.70739005291
conversation,3.70708884062
answer,3.70101350365
healthy,3.70030565895
online,3.69905492639
stacked,3.69786634775
nightmare,3.69644073385
inconvenience,3.69592105038
fuss,3.69306176085
lazy,3.68866261519
labor,3.67563246131
overhyped,3.67246555753
separately,3.66893452167
artificial,3.66737845618
disappointment,3.66691667334
receipt,3.65724378025
lack,3.65666158031
payment,3.65627556321
received,3.64918974491
asked,3.64756632119
thirty,3.64630083042
wasted,3.64422537961
decently,3.62515062796
bother,3.62383582445
yell,3.61961249823
clearly,3.61817208871
buzzing,3.61642899046
peeps,3.6163976314
attention,3.61623725189
forgotten,3.61449877126
anxious,3.61350493605
attempt,3.60626277204
expresso,3.59640091214
woman,3.58971426701
owner,3.58378196239
solely,3.58095247074
reputation,3.57990376655
suppose,3.57209569289
chew,3.56481292138
screaming,3.55021836909
correctly,3.54753421832
department,3.5420586171
young,3.53599994016
board,3.53206436983
awful,3.52598868296
overcooked,3.52225578407
overwhelmingly,3.52069158253
consuming,3.51984760145
sick,3.51575298456
odd,3.51572423023
alright,3.51408743447
bobby,3.5086157494
problems,3.50756348608
waste,3.49550363979
millions,3.49334485742
rep,3.47800461939
effing,3.47591187424
managers,3.47211439331
respect,3.46587168859
employee,3.46214365602
design,3.44845173171
act,3.44839680937
paid,3.4476032705
preordered,3.44703087439
craze,3.44404744745
disappointing,3.44363501162
mediocre,3.44274065617
email,3.43543449753
paying,3.43527629009
sour,3.43283093034
vegetarians,3.43092564878
trendy,3.42873664709
phone,3.42110764678
mon,3.41753503193
meaning,3.4154303464
sorry,3.40991598649
aggressive,3.40905992282
lesson,3.4047553589
additional,3.39918936652
hr,3.39805621326
quarter,3.38212151752
clear,3.38003783836
adrian,3.37532484937
annoyed,3.36858825414
flavorless,3.35047677654
overrated,3.34679028044
crappy,3.34133763671
bland,3.33248245803
ring,3.3235271315
stood,3.31264417465
placing,3.30884623895
cutting,3.30672458379
rosa,3.29002053727
built,3.27454471467
outdoors,3.26859280081
message,3.26566324775
rated,3.26057209874
decoration,3.26037359601
meh,3.20109095267
par,3.19972997028
gross,3.19794144304
horrible,3.19550930737
filing,3.19240445969
lacked,3.18749438168
length,3.18212751654
costco,3.15796439023
watched,3.15548299015
dirty,3.14983644712
improve,3.14055276609
wrote,3.12958479301
garbage,3.11898721144
sloppy,3.11643070113
ugly,3.1108640651
confirm,3.10699230112
upset,3.08764543752
plastic,3.06612053052
equal,3.06172510533
sale,3.04257937695
management,3.02567590577
overcrowded,3.0039771099
frustrated,2.97442485783
recipe,2.96982094721
grease,2.96312377903
poor,2.96049850843
disgusting,2.93247692291
worst,2.89758836298
ruined,2.85726828735
boo,2.85033741658
trash,2.84869607139
arrival,2.83052870474
manager,2.81252851895
oranges,2.77994265411
contact,2.73182167487
herd,2.71146129137
zero,2.6956232298
stealing,2.67525812804
worse,2.67238111125
policy,2.64890398358
organization,2.56603255088
messed,2.53513962232
rude,2.49305797777
terrible,2.45733873581
unhealthy,2.44486443056
hair,2.38043797236
letting,2.24738273082
attitude,2.22764510886
tasteless,1.95900589469
charged,1.79424302503
poisoning,1.76328902646
unprofessional,1.40788884289
